Job Title,Company,Location,Salary,Posted,Date,URL / Link
Sales Associate/Beauty Advisor,Sally Beauty Canada,"St. John's, NL",N/A,Just posted,2021-02-23,https://ca.indeed.com/viewjob?jk=b34117aedaa04507&fccid=1bd4e638720fd660&vjs=3
"Test Administrator - St. John's, NFL",Pearson,"St. John's, NL",$13 an hour,Today,2021-02-23,https://ca.indeed.com/viewjob?jk=5a8eb7617ad44e3b&fccid=915b1c0ee87e5e8a&vjs=3
home support worker,CareGivers,"Torbay, NL",$16.70 an hour,Today,2021-02-23,https://ca.indeed.com/viewjob?jk=f01f8ed25f993647&fccid=93914a3703d122b8&vjs=3
Pension Administrator,Provident10,"St. John's, NL",N/A,Today,2021-02-23,https://ca.indeed.com/viewjob?jk=6bb1c45eb15a6086&fccid=f32ac5d0eefda333&vjs=3
Foundational Programming and Events Coordinator,Memorial University of Newfoundland,"St. John's, NL","$49,602 - $74,399 a year",Today,2021-02-23,https://ca.indeed.com/viewjob?jk=3d822bec80885a72&fccid=8fe92256094a495f&vjs=3
General Manager,Hickman Automotive Group,"St. John's, NL",N/A,Today,2021-02-23,https://ca.indeed.com/viewjob?jk=b7baf7ee7dce36a3&fccid=1c358e8f3402d67c&vjs=3
Keyholder - 1502,Pet Valu,"Mount Pearl, NL",N/A,Today,2021-02-23,https://ca.indeed.com/viewjob?jk=5c3c476650bcce44&fccid=95581e84c2b81b02&vjs=3
hairstylist,G Salon,"St. John's, NL",$15.25 an hour,Today,2021-02-23,https://ca.indeed.com/viewjob?jk=539d4a90339ed202&fccid=f746c294ecc8875a&vjs=3
Retail Merchandising Rep,Merchandising Consultants Associates,"St. John's, NL",N/A,Today,2021-02-23,https://ca.indeed.com/viewjob?jk=d7cfdfbb283136e0&fccid=a6ae8e20b887d385&vjs=3
"Store Manager, Village Mall",George Richards,"St. John's, NL",N/A,Today,2021-02-23,https://ca.indeed.com/company/Grafton-Apparel/jobs/Store-Manager-78bc7e4fde32d0f6?fccid=4bef750d8d4415f7&vjs=3
Retail Sales and Merchandising Rep,Merchandising Consultants Associates,"St. John's, NL",N/A,Today,2021-02-23,https://ca.indeed.com/viewjob?jk=ffc442acbd298e2e&fccid=a6ae8e20b887d385&vjs=3
Computer Support Specialist,WorkplaceNL,"St. John's, NL","$54,994 - $60,672 a year",Today,2021-02-23,https://ca.indeed.com/viewjob?jk=0e002ff5b6ca7433&fccid=356e54978f998b7c&vjs=3
Summer Student - Assistant Sales Support NL (07-2105),Atlantic Lottery,"St. John's, NL",N/A,Today,2021-02-23,https://ca.indeed.com/viewjob?jk=849c55990344dccd&fccid=4ac4cc696cda8361&vjs=3
home support worker,COMPASSION HOMECARE,"St. John's, NL",$17.37 an hour,Today,2021-02-23,https://ca.indeed.com/viewjob?jk=447f10a4e7b69efe&fccid=68f8d2bb4358f9ba&vjs=3
food service supervisor,Menchie's,"St. John's, NL",$12.50 - $13.00 an hour,Today,2021-02-23,https://ca.indeed.com/viewjob?jk=a1e7f51c69edb3af&fccid=8b3ade35ac33549a&vjs=3
Sales Associate/Beauty Advisor,Sally Beauty Canada,"St. John's, NL",N/A,Just posted,2021-02-23,https://ca.indeed.com/viewjob?jk=3b5eaa7ed66b6c8f&fccid=1bd4e638720fd660&vjs=3
"Test Administrator - St. John's, NFL",Pearson,"St. John's, NL",$13 an hour,Today,2021-02-23,https://ca.indeed.com/viewjob?jk=5a8eb7617ad44e3b&fccid=915b1c0ee87e5e8a&vjs=3
Pension Administrator,Provident10,"St. John's, NL",N/A,Today,2021-02-23,https://ca.indeed.com/viewjob?jk=6bb1c45eb15a6086&fccid=f32ac5d0eefda333&vjs=3
Foundational Programming and Events Coordinator,Memorial University of Newfoundland,"St. John's, NL","$49,602 - $74,399 a year",Today,2021-02-23,https://ca.indeed.com/viewjob?jk=3d822bec80885a72&fccid=8fe92256094a495f&vjs=3
General Manager,Hickman Automotive Group,"St. John's, NL",N/A,Today,2021-02-23,https://ca.indeed.com/viewjob?jk=b7baf7ee7dce36a3&fccid=1c358e8f3402d67c&vjs=3
Keyholder - 1502,Pet Valu,"Mount Pearl, NL",N/A,Today,2021-02-23,https://ca.indeed.com/viewjob?jk=5c3c476650bcce44&fccid=95581e84c2b81b02&vjs=3
home support worker,CareGivers,"Logy Bay, NL",$16.70 an hour,Today,2021-02-23,https://ca.indeed.com/viewjob?jk=04c9d244c1e8d787&fccid=93914a3703d122b8&vjs=3
hairstylist,G Salon,"St. John's, NL",$15.25 an hour,Today,2021-02-23,https://ca.indeed.com/viewjob?jk=539d4a90339ed202&fccid=f746c294ecc8875a&vjs=3
Retail Merchandising Rep,Merchandising Consultants Associates,"St. John's, NL",N/A,Today,2021-02-23,https://ca.indeed.com/viewjob?jk=d7cfdfbb283136e0&fccid=a6ae8e20b887d385&vjs=3
"Store Manager, Village Mall",George Richards,"St. John's, NL",N/A,Today,2021-02-23,https://ca.indeed.com/company/Grafton-Apparel/jobs/Store-Manager-78bc7e4fde32d0f6?fccid=4bef750d8d4415f7&vjs=3
Retail Sales and Merchandising Rep,Merchandising Consultants Associates,"St. John's, NL",N/A,Today,2021-02-23,https://ca.indeed.com/viewjob?jk=ffc442acbd298e2e&fccid=a6ae8e20b887d385&vjs=3
Computer Support Specialist,WorkplaceNL,"St. John's, NL","$54,994 - $60,672 a year",Today,2021-02-23,https://ca.indeed.com/viewjob?jk=0e002ff5b6ca7433&fccid=356e54978f998b7c&vjs=3
Summer Student - Assistant Sales Support NL (07-2105),Atlantic Lottery,"St. John's, NL",N/A,Today,2021-02-23,https://ca.indeed.com/viewjob?jk=849c55990344dccd&fccid=4ac4cc696cda8361&vjs=3
home support worker,COMPASSION HOMECARE,"St. John's, NL",$17.37 an hour,Today,2021-02-23,https://ca.indeed.com/viewjob?jk=447f10a4e7b69efe&fccid=68f8d2bb4358f9ba&vjs=3
food service supervisor,Menchie's,"St. John's, NL",$12.50 - $13.00 an hour,Today,2021-02-23,https://ca.indeed.com/viewjob?jk=a1e7f51c69edb3af&fccid=8b3ade35ac33549a&vjs=3
Sales Associate/Beauty Advisor,Sally Beauty Canada,"St. John's, NL",N/A,Just posted,2021-02-23,https://ca.indeed.com/viewjob?jk=3b5eaa7ed66b6c8f&fccid=1bd4e638720fd660&vjs=3
"Test Administrator - St. John's, NFL",Pearson,"St. John's, NL",$13 an hour,Today,2021-02-23,https://ca.indeed.com/viewjob?jk=5a8eb7617ad44e3b&fccid=915b1c0ee87e5e8a&vjs=3
Pension Administrator,Provident10,"St. John's, NL",N/A,Today,2021-02-23,https://ca.indeed.com/viewjob?jk=6bb1c45eb15a6086&fccid=f32ac5d0eefda333&vjs=3
Foundational Programming and Events Coordinator,Memorial University of Newfoundland,"St. John's, NL","$49,602 - $74,399 a year",Today,2021-02-23,https://ca.indeed.com/viewjob?jk=3d822bec80885a72&fccid=8fe92256094a495f&vjs=3
Keyholder - 1502,Pet Valu,"Mount Pearl, NL",N/A,Today,2021-02-23,https://ca.indeed.com/viewjob?jk=5c3c476650bcce44&fccid=95581e84c2b81b02&vjs=3
home support worker,CareGivers,"Conception Bay South, NL",$16.70 an hour,Today,2021-02-23,https://ca.indeed.com/viewjob?jk=cf04476ccac41df8&fccid=93914a3703d122b8&vjs=3
General Manager,Hickman Automotive Group,"St. John's, NL",N/A,Today,2021-02-23,https://ca.indeed.com/viewjob?jk=b7baf7ee7dce36a3&fccid=1c358e8f3402d67c&vjs=3
Sales Associate/Beauty Advisor,Sally Beauty Canada,"St. John's, NL",N/A,Just posted,2021-02-23,https://ca.indeed.com/viewjob?jk=3b5eaa7ed66b6c8f&fccid=1bd4e638720fd660&vjs=3
Sales Associate/Beauty Advisor,Sally Beauty Canada,"St. John's, NL",N/A,Just posted,2021-02-23,https://ca.indeed.com/viewjob?jk=3b5eaa7ed66b6c8f&fccid=1bd4e638720fd660&vjs=3
hairstylist,G Salon,"St. John's, NL",$15.25 an hour,Today,2021-02-23,https://ca.indeed.com/viewjob?jk=539d4a90339ed202&fccid=f746c294ecc8875a&vjs=3
"Store Manager, Village Mall",George Richards,"St. John's, NL",N/A,Today,2021-02-23,https://ca.indeed.com/company/Grafton-Apparel/jobs/Store-Manager-78bc7e4fde32d0f6?fccid=4bef750d8d4415f7&vjs=3
"Test Administrator - St. John's, NFL",Pearson,"St. John's, NL",$13 an hour,Today,2021-02-23,https://ca.indeed.com/viewjob?jk=5a8eb7617ad44e3b&fccid=915b1c0ee87e5e8a&vjs=3
Pension Administrator,Provident10,"St. John's, NL",N/A,Today,2021-02-23,https://ca.indeed.com/viewjob?jk=6bb1c45eb15a6086&fccid=f32ac5d0eefda333&vjs=3
"Test Administrator - St. John's, NFL",Pearson,"St. John's, NL",$13 an hour,Today,2021-02-23,https://ca.indeed.com/viewjob?jk=5a8eb7617ad44e3b&fccid=915b1c0ee87e5e8a&vjs=3
Pension Administrator,Provident10,"St. John's, NL",N/A,Today,2021-02-23,https://ca.indeed.com/viewjob?jk=6bb1c45eb15a6086&fccid=f32ac5d0eefda333&vjs=3
Foundational Programming and Events Coordinator,Memorial University of Newfoundland,"St. John's, NL","$49,602 - $74,399 a year",Today,2021-02-23,https://ca.indeed.com/viewjob?jk=3d822bec80885a72&fccid=8fe92256094a495f&vjs=3
Retail Merchandising Rep,Merchandising Consultants Associates,"St. John's, NL",N/A,Today,2021-02-23,https://ca.indeed.com/viewjob?jk=d7cfdfbb283136e0&fccid=a6ae8e20b887d385&vjs=3
Retail Sales and Merchandising Rep,Merchandising Consultants Associates,"Mount Pearl, NL",N/A,Today,2021-02-23,https://ca.indeed.com/viewjob?jk=6ff7a9a8641344df&fccid=a6ae8e20b887d385&vjs=3
Foundational Programming and Events Coordinator,Memorial University of Newfoundland,"St. John's, NL","$49,602 - $74,399 a year",Today,2021-02-23,https://ca.indeed.com/viewjob?jk=3d822bec80885a72&fccid=8fe92256094a495f&vjs=3
Sales Associate/Beauty Advisor,Sally Beauty Canada,"St. John's, NL",N/A,Just posted,2021-02-23,https://ca.indeed.com/viewjob?jk=3b5eaa7ed66b6c8f&fccid=1bd4e638720fd660&vjs=3
Clerk IV (Management Support),Eastern Health,"Burin, NL",$23.07 - $25.53 an hour,Today,2021-02-23,https://ca.indeed.com/viewjob?jk=ba63b3ac293e55ac&fccid=999410b3c3608d23&vjs=3
Keyholder - 1502,Pet Valu,"Mount Pearl, NL",N/A,Today,2021-02-23,https://ca.indeed.com/viewjob?jk=5c3c476650bcce44&fccid=95581e84c2b81b02&vjs=3
home support worker,CareGivers,"Paradise, NL",$16.70 an hour,Today,2021-02-23,https://ca.indeed.com/viewjob?jk=9b34fb4b14a7e559&fccid=93914a3703d122b8&vjs=3
General Manager,Hickman Automotive Group,"St. John's, NL",N/A,Today,2021-02-23,https://ca.indeed.com/viewjob?jk=b7baf7ee7dce36a3&fccid=1c358e8f3402d67c&vjs=3
hairstylist,G Salon,"St. John's, NL",$15.25 an hour,Today,2021-02-23,https://ca.indeed.com/viewjob?jk=539d4a90339ed202&fccid=f746c294ecc8875a&vjs=3
Computer Support Specialist,WorkplaceNL,"St. John's, NL","$54,994 - $60,672 a year",Today,2021-02-23,https://ca.indeed.com/viewjob?jk=0e002ff5b6ca7433&fccid=356e54978f998b7c&vjs=3
home support worker,CareGivers,"Torbay, NL",$16.70 an hour,Today,2021-02-23,https://ca.indeed.com/viewjob?jk=f01f8ed25f993647&fccid=93914a3703d122b8&vjs=3
SAP Operations Clerk,Loblaw Companies Limited,"Stephenville, NL",N/A,Today,2021-02-23,https://ca.indeed.com/viewjob?jk=db3c900483a25e9e&fccid=bc30630cfcc120d4&vjs=3
"Test Administrator - St. John's, NFL",Pearson,"St. John's, NL",$13 an hour,Today,2021-02-23,https://ca.indeed.com/viewjob?jk=5a8eb7617ad44e3b&fccid=915b1c0ee87e5e8a&vjs=3
Marine Mechanical Helper,"Icicle Seafoods, Inc.","St. Albans, NL",N/A,Today,2021-02-23,https://ca.indeed.com/viewjob?jk=060810ec49493715&fccid=bff6a3927d87be4f&vjs=3
Quality Assurance Supervisor,"Icicle Seafoods, Inc.","Hermitage, NL",N/A,Today,2021-02-23,https://ca.indeed.com/viewjob?jk=e23bc50006f0a2e5&fccid=bff6a3927d87be4f&vjs=3
Hatchery Manager,"Icicle Seafoods, Inc.","Belleoram, NL",N/A,Today,2021-02-23,https://ca.indeed.com/viewjob?jk=ac8cab77b7259a01&fccid=bff6a3927d87be4f&vjs=3
"Store Manager, Village Mall",George Richards,"St. John's, NL",N/A,Today,2021-02-23,https://ca.indeed.com/company/Grafton-Apparel/jobs/Store-Manager-78bc7e4fde32d0f6?fccid=4bef750d8d4415f7&vjs=3
Retail Merchandising Rep,Merchandising Consultants Associates,"St. John's, NL",N/A,Today,2021-02-23,https://ca.indeed.com/viewjob?jk=d7cfdfbb283136e0&fccid=a6ae8e20b887d385&vjs=3
home support worker,COMPASSION HOMECARE,"St. John's, NL",$17.37 an hour,Today,2021-02-23,https://ca.indeed.com/viewjob?jk=447f10a4e7b69efe&fccid=68f8d2bb4358f9ba&vjs=3
General Manager,Hickman Automotive Group,"St. John's, NL",N/A,Today,2021-02-23,https://ca.indeed.com/viewjob?jk=b7baf7ee7dce36a3&fccid=1c358e8f3402d67c&vjs=3
Keyholder - 1502,Pet Valu,"Mount Pearl, NL",N/A,Today,2021-02-23,https://ca.indeed.com/viewjob?jk=5c3c476650bcce44&fccid=95581e84c2b81b02&vjs=3
hairstylist,G Salon,"St. John's, NL",$15.25 an hour,Today,2021-02-23,https://ca.indeed.com/viewjob?jk=539d4a90339ed202&fccid=f746c294ecc8875a&vjs=3
Retail Merchandising Rep,Merchandising Consultants Associates,"St. John's, NL",N/A,Today,2021-02-23,https://ca.indeed.com/viewjob?jk=d7cfdfbb283136e0&fccid=a6ae8e20b887d385&vjs=3
Overnight Grocery Clerk,Sobeys,"Corner Brook, NL",N/A,Today,2021-02-23,https://ca.indeed.com/viewjob?jk=f8b26112e1d9e66c&fccid=2b30af762655480b&vjs=3
Sales Associate/Beauty Advisor,Sally Beauty Canada,"St. John's, NL",N/A,Just posted,2021-02-23,https://ca.indeed.com/viewjob?jk=3b5eaa7ed66b6c8f&fccid=1bd4e638720fd660&vjs=3
Keyholder - 1502,Pet Valu,"Mount Pearl, NL",N/A,Today,2021-02-23,https://ca.indeed.com/viewjob?jk=5c3c476650bcce44&fccid=95581e84c2b81b02&vjs=3
Pension Administrator,Provident10,"St. John's, NL",N/A,Today,2021-02-23,https://ca.indeed.com/viewjob?jk=6bb1c45eb15a6086&fccid=f32ac5d0eefda333&vjs=3
Foundational Programming and Events Coordinator,Memorial University of Newfoundland,"St. John's, NL","$49,602 - $74,399 a year",Today,2021-02-23,https://ca.indeed.com/viewjob?jk=3d822bec80885a72&fccid=8fe92256094a495f&vjs=3
General Manager,Hickman Automotive Group,"St. John's, NL",N/A,Today,2021-02-23,https://ca.indeed.com/viewjob?jk=b7baf7ee7dce36a3&fccid=1c358e8f3402d67c&vjs=3
Fish Processing Technician - Hermitage NL,"Icicle Seafoods, Inc.","Hermitage, NL",N/A,Today,2021-02-23,https://ca.indeed.com/viewjob?jk=70d09738231a0ff2&fccid=bff6a3927d87be4f&vjs=3
Retail Sales and Merchandising Rep,Merchandising Consultants Associates,"Mount Pearl, NL",N/A,Today,2021-02-23,https://ca.indeed.com/viewjob?jk=6ff7a9a8641344df&fccid=a6ae8e20b887d385&vjs=3
food service supervisor,Menchie's,"St. John's, NL",$12.50 - $13.00 an hour,Today,2021-02-23,https://ca.indeed.com/viewjob?jk=a1e7f51c69edb3af&fccid=8b3ade35ac33549a&vjs=3
"Store Manager, Village Mall",George Richards,"St. John's, NL",N/A,Today,2021-02-23,https://ca.indeed.com/company/Grafton-Apparel/jobs/Store-Manager-78bc7e4fde32d0f6?fccid=4bef750d8d4415f7&vjs=3
Retail Sales and Merchandising Rep,Merchandising Consultants Associates,"St. John's, NL",N/A,Today,2021-02-23,https://ca.indeed.com/viewjob?jk=ffc442acbd298e2e&fccid=a6ae8e20b887d385&vjs=3
Computer Support Specialist,WorkplaceNL,"St. John's, NL","$54,994 - $60,672 a year",Today,2021-02-23,https://ca.indeed.com/viewjob?jk=0e002ff5b6ca7433&fccid=356e54978f998b7c&vjs=3
Territory Sales Representative,Mosaic North America,"Corner Brook, NL",N/A,Today,2021-02-23,https://ca.indeed.com/viewjob?jk=395227a21a57f18e&fccid=1c4aa3d5a92746d4&vjs=3
"Test Administrator - St. John's, NFL",Pearson,"St. John's, NL",$13 an hour,Today,2021-02-23,https://ca.indeed.com/viewjob?jk=5a8eb7617ad44e3b&fccid=915b1c0ee87e5e8a&vjs=3
Foundational Programming and Events Coordinator,Memorial University of Newfoundland,"St. John's, NL","$49,602 - $74,399 a year",Today,2021-02-23,https://ca.indeed.com/viewjob?jk=3d822bec80885a72&fccid=8fe92256094a495f&vjs=3
Pension Administrator,Provident10,"St. John's, NL",N/A,Today,2021-02-23,https://ca.indeed.com/viewjob?jk=6bb1c45eb15a6086&fccid=f32ac5d0eefda333&vjs=3
home support worker,CareGivers,"Torbay, NL",$16.70 an hour,Today,2021-02-23,https://ca.indeed.com/viewjob?jk=f01f8ed25f993647&fccid=93914a3703d122b8&vjs=3
Cashier 1 1 1 1 1,Sobeys,"Marystown, NL",N/A,3 days ago,2021-02-20,https://ca.indeed.com/viewjob?jk=fcb5ea82029c6533&fccid=2b30af762655480b&vjs=3
home support worker,COMPASSION HOMECARE,"Grand Bank, NL",$16.70 an hour,3 days ago,2021-02-20,https://ca.indeed.com/viewjob?jk=dc76130b865302fe&fccid=68f8d2bb4358f9ba&vjs=3
Administrative Assistant,3% Realty East Coast,"Marystown, NL",$14 an hour,3 days ago,2021-02-20,https://ca.indeed.com/viewjob?cmp=3%25-Realty-East-Coast&ti=Administrative+Assistant&jk=783b56179ccc6547&fccid=8dea9c6e6cfb03d2&vjs=3
Computer Support Specialist,WorkplaceNL,"St. John's, NL","$54,994 - $60,672 a year",Today,2021-02-23,https://ca.indeed.com/viewjob?jk=0e002ff5b6ca7433&fccid=356e54978f998b7c&vjs=3
Summer Student - Assistant Sales Support NL (07-2105),Atlantic Lottery,"St. John's, NL",N/A,Today,2021-02-23,https://ca.indeed.com/viewjob?jk=849c55990344dccd&fccid=4ac4cc696cda8361&vjs=3
Summer Student - Assistant Sales Support NL (07-2105),Atlantic Lottery,"St. John's, NL",N/A,Today,2021-02-23,https://ca.indeed.com/viewjob?jk=849c55990344dccd&fccid=4ac4cc696cda8361&vjs=3
Summer Student - Assistant Sales Support NL (07-2105),Atlantic Lottery,"St. John's, NL",N/A,Today,2021-02-23,https://ca.indeed.com/viewjob?jk=849c55990344dccd&fccid=4ac4cc696cda8361&vjs=3
Contracts and Procurement Consultant,Turner & Townsend,"Labrador City, NL",N/A,Just posted,2021-02-23,https://ca.indeed.com/viewjob?jk=c3bb6eaf5d10bf62&fccid=6803bea41688e709&vjs=3
sushi chef,Newfound Sushi,"Corner Brook, NL","$48,000 a year",Today,2021-02-23,https://ca.indeed.com/viewjob?jk=d0956c4930fd74b2&fccid=4d72c9845fc52909&vjs=3
Parts Counter Person,Kenworth Newfoundland and Labrador Corner Brook,"Corner Brook, NL","$34,806 - $42,541 a year",Today,2021-02-23,https://ca.indeed.com/company/Kenworth-Newfoundland-and-Labrador-Corner-Brook/jobs/Part-Counter-Person-6c338ba6e0bed98e?fccid=1b10bd1d113d9805&vjs=3
home support worker,CareGivers,"Torbay, NL",$16.70 an hour,Today,2021-02-23,https://ca.indeed.com/viewjob?jk=f01f8ed25f993647&fccid=93914a3703d122b8&vjs=3
hairstylist,G Salon,"St. John's, NL",$15.25 an hour,Today,2021-02-23,https://ca.indeed.com/viewjob?jk=539d4a90339ed202&fccid=f746c294ecc8875a&vjs=3
Operator,Kiewit Offshore Services,"Marystown, NL","$73,112 a year",3 days ago,2021-02-20,https://ca.indeed.com/company/Kiewit/jobs/Operator-7355fa4703922083?fccid=fd3e5b9fc7b91d7c&vjs=3
home support worker,COMPASSION HOMECARE,"St. John's, NL",$17.37 an hour,Today,2021-02-23,https://ca.indeed.com/viewjob?jk=447f10a4e7b69efe&fccid=68f8d2bb4358f9ba&vjs=3
home support worker,COMPASSION HOMECARE,"St. John's, NL",$17.37 an hour,Today,2021-02-23,https://ca.indeed.com/viewjob?jk=447f10a4e7b69efe&fccid=68f8d2bb4358f9ba&vjs=3
food service supervisor,Menchie's,"St. John's, NL",$12.50 - $13.00 an hour,Today,2021-02-23,https://ca.indeed.com/viewjob?jk=a1e7f51c69edb3af&fccid=8b3ade35ac33549a&vjs=3
Advanced Care Paramedic,Labrador-Grenfell Health,"Labrador City, NL",$32.72 - $36.54 an hour,Today,2021-02-23,https://ca.indeed.com/viewjob?jk=c0d267a881364cb5&fccid=2c5d7dd9673a78e6&vjs=3
Answering Service/dispatch,Russells Funeral Home & Ambulance Service,"Stephenville, NL",$14 an hour,1 day ago,2021-02-22,https://ca.indeed.com/company/Russells-Funeral-Home-&-Ambulance-Service/jobs/Answering-Service-Dispatch-c287133b4ce6bd15?fccid=b9aef4b94cb2420d&vjs=3
"co-ordinator, daycare",Immaculate Heart of Mary School,"Corner Brook, NL",$16 an hour,3 days ago,2021-02-20,https://ca.indeed.com/viewjob?jk=d60b90a6e008053b&fccid=2d13a3fbf8847e58&vjs=3
kitchen helper,Jungle Jim's Restaurant,"Corner Brook, NL",$12.15 an hour,3 days ago,2021-02-20,https://ca.indeed.com/viewjob?jk=7d3e5dc74a72195d&fccid=c2987c66aaa38c0b&vjs=3
cook,Jungle Jim's Restaurant,"Corner Brook, NL",$13 an hour,3 days ago,2021-02-20,https://ca.indeed.com/viewjob?jk=aa0aad898ed65002&fccid=c2987c66aaa38c0b&vjs=3
General Manager,Hickman Automotive Group,"St. John's, NL",N/A,Today,2021-02-23,https://ca.indeed.com/viewjob?jk=b7baf7ee7dce36a3&fccid=1c358e8f3402d67c&vjs=3
Keyholder - 1502,Pet Valu,"Mount Pearl, NL",N/A,Today,2021-02-23,https://ca.indeed.com/viewjob?jk=5c3c476650bcce44&fccid=95581e84c2b81b02&vjs=3
hairstylist,G Salon,"St. John's, NL",$15.25 an hour,Today,2021-02-23,https://ca.indeed.com/viewjob?jk=539d4a90339ed202&fccid=f746c294ecc8875a&vjs=3
"Store Manager, Village Mall",George Richards,"St. John's, NL",N/A,Today,2021-02-23,https://ca.indeed.com/company/Grafton-Apparel/jobs/Store-Manager-78bc7e4fde32d0f6?fccid=4bef750d8d4415f7&vjs=3
Store Manager,Dollarama L.P.,"Placentia, NL",N/A,3 days ago,2021-02-20,https://ca.indeed.com/company/Dollarama/jobs/Store-Manager-b636b03ef7842cdb?fccid=e4c817dea81cebef&vjs=3
food service supervisor,Menchie's,"St. John's, NL",$12.50 - $13.00 an hour,Today,2021-02-23,https://ca.indeed.com/viewjob?jk=a1e7f51c69edb3af&fccid=8b3ade35ac33549a&vjs=3
Part Time Merchandising Rep,Merchandising Consultants Associates,"Labrador City, NL",N/A,Today,2021-02-23,https://ca.indeed.com/viewjob?jk=55a935e998b60d8b&fccid=a6ae8e20b887d385&vjs=3
home support worker,CareGivers,"Corner Brook, NL",$16.70 an hour,3 days ago,2021-02-20,https://ca.indeed.com/viewjob?jk=358a1c2bfb25dac8&fccid=93914a3703d122b8&vjs=3
personal care aide - home care,Humber Valley Cooperative Living Corporation,"Corner Brook, NL",$21.53 - $23.74 an hour,3 days ago,2021-02-20,https://ca.indeed.com/viewjob?jk=f39ae1d45e442048&fccid=63995e91d5f7cd6e&vjs=3
Accounting Clerk,Western Group of Companies,"Corner Brook, NL",N/A,3 days ago,2021-02-20,https://ca.indeed.com/viewjob?jk=20068aaf3bef6fde&fccid=2d57ce2c7ad2d962&vjs=3
Tire Technician,Western Group of Companies,"Corner Brook, NL",N/A,3 days ago,2021-02-20,https://ca.indeed.com/viewjob?jk=e6b54bbd5973aa87&fccid=2d57ce2c7ad2d962&vjs=3
Contractor Sales- Inside,Kent Building Supplies,"Clarenville, NL",N/A,Today,2021-02-23,https://ca.indeed.com/viewjob?jk=10984eedd21f1070&fccid=b680520115bfd867&vjs=3
Retail Merchandising Rep,Merchandising Consultants Associates,"St. John's, NL",N/A,Today,2021-02-23,https://ca.indeed.com/viewjob?jk=d7cfdfbb283136e0&fccid=a6ae8e20b887d385&vjs=3
(CAN) Over-the-Counter Associate,Walmart Canada,"Marystown, NL",N/A,7 days ago,2021-02-16,https://ca.indeed.com/viewjob?jk=e4336e183aebf596&fccid=822bc5d9a49270ea&vjs=3
production supervisor – manufacturing,Dynamic Air Shelters Ltd.,"Grand Bank, NL",$20 an hour,13 days ago,2021-02-10,https://ca.indeed.com/viewjob?jk=854cc7dedba1d4ae&fccid=24ffb4435ae3e8a8&vjs=3
primary care paramedic,Collins Ambulance Service LTD,"Burin, NL",$21.93 an hour,10 days ago,2021-02-13,https://ca.indeed.com/viewjob?jk=af1d38c9f6362509&fccid=b2b2649a4804bac2&vjs=3
Overnight Grocery Clerk,Sobeys,"Corner Brook, NL",N/A,Today,2021-02-23,https://ca.indeed.com/viewjob?jk=f8b26112e1d9e66c&fccid=2b30af762655480b&vjs=3
Community Ministries Outreach Worker,The Salvation Army Happy Valley-Goose Bay Corps,"Happy Valley-Goose Bay, NL",N/A,3 days ago,2021-02-20,https://ca.indeed.com/viewjob?jk=91bcc7704845f48c&fccid=1478f375b56b55d4&vjs=3
Part Time Merchandising Rep,Merchandising Consultants Associates (MCA),"Labrador City, NL",N/A,Today,2021-02-23,https://ca.indeed.com/viewjob?jk=4a6497d0ef8004a6&fccid=a6ae8e20b887d385&vjs=3
office clerk,Atsanik Lodge,"Corner Brook, NL",$16 an hour,4 days ago,2021-02-19,https://ca.indeed.com/viewjob?jk=040ffa0f5a70b35c&fccid=c360c506661ffb60&vjs=3
"Store Manager, Village Mall",George Richards,"St. John's, NL",N/A,Today,2021-02-23,https://ca.indeed.com/company/Grafton-Apparel/jobs/Store-Manager-78bc7e4fde32d0f6?fccid=4bef750d8d4415f7&vjs=3
Retail Merchandising Rep,Merchandising Consultants Associates,"St. John's, NL",N/A,Today,2021-02-23,https://ca.indeed.com/viewjob?jk=d7cfdfbb283136e0&fccid=a6ae8e20b887d385&vjs=3
Retail Sales and Merchandising Rep,Merchandising Consultants Associates,"St. John's, NL",N/A,Today,2021-02-23,https://ca.indeed.com/viewjob?jk=ffc442acbd298e2e&fccid=a6ae8e20b887d385&vjs=3
Retail Sales and Merchandising Rep,Merchandising Consultants Associates,"Mount Pearl, NL",N/A,Today,2021-02-23,https://ca.indeed.com/viewjob?jk=6ff7a9a8641344df&fccid=a6ae8e20b887d385&vjs=3
Contractor Sales- Inside,Kent Building Supplies,"Clarenville, NL",N/A,Today,2021-02-23,https://ca.indeed.com/viewjob?jk=10984eedd21f1070&fccid=b680520115bfd867&vjs=3
Sheet Metal Worker(s),Kiewit Offshore Services,"Marystown, NL","$73,112 a year",11 days ago,2021-02-12,https://ca.indeed.com/company/Kiewit/jobs/Sheet-Metal-Worker-4e4c077cac01ed1e?fccid=fd3e5b9fc7b91d7c&vjs=3
Delivery Driver,goeasy,"Marystown, NL",N/A,12 days ago,2021-02-11,https://ca.indeed.com/viewjob?jk=f0e15f607214aa34&fccid=6df7987324612088&vjs=3
Territory Sales Representative,Mosaic North America,"Corner Brook, NL",N/A,Today,2021-02-23,https://ca.indeed.com/viewjob?jk=395227a21a57f18e&fccid=1c4aa3d5a92746d4&vjs=3
sushi chef,Newfound Sushi,"Corner Brook, NL","$48,000 a year",Today,2021-02-23,https://ca.indeed.com/viewjob?jk=d0956c4930fd74b2&fccid=4d72c9845fc52909&vjs=3
Parts Counter Person,Kenworth Newfoundland and Labrador Corner Brook,"Corner Brook, NL","$34,806 - $42,541 a year",Today,2021-02-23,https://ca.indeed.com/company/ken-worth-Newfoundland-and-labrador/jobs/Part-Counter-Person-6c338ba6e0bed98e?fccid=1b10bd1d113d9805&vjs=3
Electrical Maintenance “A” (Temporary),Newfoundland and Labrador Hydro,"Happy Valley-Goose Bay, NL",N/A,3 days ago,2021-02-20,https://ca.indeed.com/viewjob?jk=5522634309a6a719&fccid=b2b503e9f5f82b50&vjs=3
Accounts Receivable/Payable Clerk,Pencal Industrial Limited,"Wabush, NL",N/A,Today,2021-02-23,https://ca.indeed.com/company/Pencal-Supplies-Limited/jobs/Account-Receivable-Payable-Clerk-570827145be14d5e?fccid=44234e8f9c55c9fb&vjs=3
office assistant,U Got It Maid Cleaning Service,"Corner Brook, NL",$12.15 - $13.15 an hour,4 days ago,2021-02-19,https://ca.indeed.com/viewjob?jk=c3226ff88028e715&fccid=cba1022fe2864e71&vjs=3
Computer Support Specialist,WorkplaceNL,"St. John's, NL","$54,994 - $60,672 a year",Today,2021-02-23,https://ca.indeed.com/viewjob?jk=0e002ff5b6ca7433&fccid=356e54978f998b7c&vjs=3
General Manger,Steele Auto Group,"Clarenville, NL",N/A,Today,2021-02-23,https://ca.indeed.com/viewjob?jk=543ed31ea914ece0&fccid=dc2e45f023896222&vjs=3
Computer Support Specialist,WorkplaceNL,"St. John's, NL","$54,994 - $60,672 a year",Today,2021-02-23,https://ca.indeed.com/viewjob?jk=0e002ff5b6ca7433&fccid=356e54978f998b7c&vjs=3
General Manger,Steele Auto Group,"Clarenville, NL",N/A,Today,2021-02-23,https://ca.indeed.com/viewjob?jk=543ed31ea914ece0&fccid=dc2e45f023896222&vjs=3
bookkeeping clerk,Pet Central Limited,"Gander, NL","$30,000 - $58,000 a year",Today,2021-02-23,https://ca.indeed.com/viewjob?jk=c7d8c03283619079&fccid=ec9bcf84b2ea47e4&vjs=3
sales associate - retail,Pet Central Limited,"Gander, NL",$13.50 - $16.00 an hour,Today,2021-02-23,https://ca.indeed.com/viewjob?jk=a41adf1c7b92bb25&fccid=ec9bcf84b2ea47e4&vjs=3
store manager - retail,Pet Central Limited,"Gander, NL",$14 - $18 an hour,Today,2021-02-23,https://ca.indeed.com/viewjob?jk=73a3a05ad0e94602&fccid=ec9bcf84b2ea47e4&vjs=3
"co-ordinator, daycare",Immaculate Heart of Mary School,"Corner Brook, NL",$16 an hour,3 days ago,2021-02-20,https://ca.indeed.com/viewjob?jk=d60b90a6e008053b&fccid=2d13a3fbf8847e58&vjs=3
kitchen helper,Jungle Jim's Restaurant,"Corner Brook, NL",$12.15 an hour,3 days ago,2021-02-20,https://ca.indeed.com/viewjob?jk=7d3e5dc74a72195d&fccid=c2987c66aaa38c0b&vjs=3
Recreation Therapy Worker II,A.M.Guy Memorial Health Centre,"Buchans, NL",$25.01 - $27.77 an hour,3 days ago,2021-02-20,https://ca.indeed.com/viewjob?jk=abbf0f63320bff06&fccid=dba2ee05e817a807&vjs=3
cook,Jungle Jim's Restaurant,"Corner Brook, NL",$13 an hour,3 days ago,2021-02-20,https://ca.indeed.com/viewjob?jk=aa0aad898ed65002&fccid=c2987c66aaa38c0b&vjs=3
Maintenance Clerk,Sobeys,"Botwood, NL",N/A,Today,2021-02-23,https://ca.indeed.com/viewjob?jk=45ad9c0b4e4f0b54&fccid=2b30af762655480b&vjs=3
Maintenance Clerk,Sobeys,"Botwood, NL",N/A,Today,2021-02-23,https://ca.indeed.com/viewjob?jk=45ad9c0b4e4f0b54&fccid=2b30af762655480b&vjs=3
Cashier/Sales Associate,Pike's Home Hardware Building Center,"Happy Valley-Goose Bay, NL",$13 - $17 an hour,3 days ago,2021-02-20,https://ca.indeed.com/company/Pike's-Home-Hardware-Building-Center/jobs/Cashier-Sales-Associate-c1f7f1eba55c4d48?fccid=38b3364b898616c4&vjs=3
"Superintendent, Asset Management",Rio Tinto,"Labrador City, NL",N/A,3 days ago,2021-02-20,https://ca.indeed.com/viewjob?jk=dd0d6b014e339608&fccid=b1e4a7661b111d01&vjs=3
home support worker,COMPASSION HOMECARE,"St. John's, NL",$17.37 an hour,Today,2021-02-23,https://ca.indeed.com/viewjob?jk=447f10a4e7b69efe&fccid=68f8d2bb4358f9ba&vjs=3
home support worker,COMPASSION HOMECARE,"St. John's, NL",$17.37 an hour,Today,2021-02-23,https://ca.indeed.com/viewjob?jk=447f10a4e7b69efe&fccid=68f8d2bb4358f9ba&vjs=3
Overnight Grocery Clerk,Sobeys,"Corner Brook, NL",N/A,Today,2021-02-23,https://ca.indeed.com/viewjob?jk=f8b26112e1d9e66c&fccid=2b30af762655480b&vjs=3
Logistics Administrator,Harbour Grace Cold Storage,"Harbour Grace, NL",N/A,Today,2021-02-23,https://ca.indeed.com/company/Eimskip-Canada/jobs/Logistic-Administrator-93336a6cf473641b?fccid=f21a10236262c81d&vjs=3
Personal income tax preparer,"Derrick R Drodge, CPA, CA","Clarenville, NL",N/A,Today,2021-02-23,https://ca.indeed.com/company/Percy-and-Drodge/jobs/Personal-Income-Tax-Preparer-0ea847ecc7095c5f?fccid=f71ba7f39f2ed65f&vjs=3
Sales Consultant - Automotive,Clarenville Honda,"Clarenville, NL","$50,000 - $90,000 a year",2 days ago,2021-02-21,https://ca.indeed.com/company/Clarenville-Honda/jobs/Sales-Consultant-b328758601d2820b?fccid=c863f01e9a96417e&vjs=3
home support worker,CareGivers,"Corner Brook, NL",$16.70 an hour,3 days ago,2021-02-20,https://ca.indeed.com/viewjob?jk=358a1c2bfb25dac8&fccid=93914a3703d122b8&vjs=3
personal care aide - home care,Humber Valley Cooperative Living Corporation,"Corner Brook, NL",$21.53 - $23.74 an hour,3 days ago,2021-02-20,https://ca.indeed.com/viewjob?jk=f39ae1d45e442048&fccid=63995e91d5f7cd6e&vjs=3
Accounting Clerk,Western Group of Companies,"Corner Brook, NL",N/A,3 days ago,2021-02-20,https://ca.indeed.com/viewjob?jk=20068aaf3bef6fde&fccid=2d57ce2c7ad2d962&vjs=3
Tire Technician,Western Group of Companies,"Corner Brook, NL",N/A,3 days ago,2021-02-20,https://ca.indeed.com/viewjob?jk=e6b54bbd5973aa87&fccid=2d57ce2c7ad2d962&vjs=3
early childhood supervisor,New Fun Land Limited,"Gander, NL",$16 - $18 an hour,Today,2021-02-23,https://ca.indeed.com/viewjob?jk=b6a1730f24dc8f10&fccid=95b65d68984b645b&vjs=3
Grocery Clerk,Sobeys,"Botwood, NL",N/A,Today,2021-02-23,https://ca.indeed.com/viewjob?jk=f85e26781fa67eb9&fccid=2b30af762655480b&vjs=3
Cashier,Sobeys,"Botwood, NL",N/A,Today,2021-02-23,https://ca.indeed.com/viewjob?jk=ebdd7bd9ba665f89&fccid=2b30af762655480b&vjs=3
Grocery Clerk,Sobeys,"Botwood, NL",N/A,Today,2021-02-23,https://ca.indeed.com/viewjob?jk=f85e26781fa67eb9&fccid=2b30af762655480b&vjs=3
early childhood supervisor,New Fun Land Limited,"Gander, NL",$16 - $18 an hour,Today,2021-02-23,https://ca.indeed.com/viewjob?jk=b6a1730f24dc8f10&fccid=95b65d68984b645b&vjs=3
Cashier,Sobeys,"Botwood, NL",N/A,Today,2021-02-23,https://ca.indeed.com/viewjob?jk=ebdd7bd9ba665f89&fccid=2b30af762655480b&vjs=3
short order cook,CRB Supermarket & Deli (2020) Ltd.,"North West River, NL","$35,000 - $40,000 a year",6 days ago,2021-02-17,https://ca.indeed.com/viewjob?jk=82bcd433f7f28c9c&fccid=dd616958bd9ddc12&vjs=3
Cleaner,Cahill,"Labrador City, NL",N/A,4 days ago,2021-02-19,https://ca.indeed.com/viewjob?jk=96e995b1a699c4c9&fccid=25d5db8fc58fedc4&vjs=3
food service supervisor,Menchie's,"St. John's, NL",$12.50 - $13.00 an hour,Today,2021-02-23,https://ca.indeed.com/viewjob?jk=a1e7f51c69edb3af&fccid=8b3ade35ac33549a&vjs=3
Summer Student - Assistant Sales Support NL (07-2105),Atlantic Lottery,"St. John's, NL",N/A,Today,2021-02-23,https://ca.indeed.com/viewjob?jk=849c55990344dccd&fccid=4ac4cc696cda8361&vjs=3
SAP Operations Clerk,Loblaw Companies Limited,"Stephenville, NL",N/A,Today,2021-02-23,https://ca.indeed.com/viewjob?jk=db3c900483a25e9e&fccid=bc30630cfcc120d4&vjs=3
Territory Sales Representative,Mosaic North America,"Corner Brook, NL",N/A,Today,2021-02-23,https://ca.indeed.com/viewjob?jk=395227a21a57f18e&fccid=1c4aa3d5a92746d4&vjs=3
sushi chef,Newfound Sushi,"Corner Brook, NL","$48,000 a year",Today,2021-02-23,https://ca.indeed.com/viewjob?jk=d0956c4930fd74b2&fccid=4d72c9845fc52909&vjs=3
Parts Counter Person,Kenworth Newfoundland and Labrador Corner Brook,"Corner Brook, NL","$34,806 - $42,541 a year",Today,2021-02-23,https://ca.indeed.com/company/ken-worth-Newfoundland-and-labrador/jobs/Part-Counter-Person-6c338ba6e0bed98e?fccid=1b10bd1d113d9805&vjs=3
cashier,Great Canadian Dollar Store Ltd,"Clarenville, NL",$12.15 an hour,3 days ago,2021-02-20,https://ca.indeed.com/viewjob?jk=831e587591fdb561&fccid=a422a66a8acfcb43&vjs=3
office clerk,Atsanik Lodge,"Corner Brook, NL",$16 an hour,4 days ago,2021-02-19,https://ca.indeed.com/viewjob?jk=040ffa0f5a70b35c&fccid=c360c506661ffb60&vjs=3
Business Development Center (BDC) Team Manager,Quorum,"St. John's, NL",N/A,Today,2021-02-23,https://ca.indeed.com/viewjob?jk=ca229391586f2913&fccid=5a87277549bd6338&vjs=3
Furniture Maker,Shorefast Social Enterprises Inc,"Joe Batt's Arm, NL",$20 - $25 an hour,Today,2021-02-23,https://ca.indeed.com/company/Shorefast-Social-Enterprises-Inc/jobs/Furniture-Maker-3d50f23a7d437e21?fccid=19744dd6687747f9&vjs=3
bookkeeping clerk,Pet Central Limited,"Gander, NL","$30,000 - $58,000 a year",Today,2021-02-23,https://ca.indeed.com/viewjob?jk=c7d8c03283619079&fccid=ec9bcf84b2ea47e4&vjs=3
sales associate - retail,Pet Central Limited,"Gander, NL",$13.50 - $16.00 an hour,Today,2021-02-23,https://ca.indeed.com/viewjob?jk=a41adf1c7b92bb25&fccid=ec9bcf84b2ea47e4&vjs=3
"Coordinator, Construction Services - Student",Defence Construction Canada,"Gander, NL","$31,897 - $41,469 a year",Today,2021-02-23,https://ca.indeed.com/viewjob?jk=1b26f85df2285cbb&fccid=f7efc5d4081142df&vjs=3
bookkeeping clerk,Pet Central Limited,"Gander, NL","$30,000 - $58,000 a year",Today,2021-02-23,https://ca.indeed.com/viewjob?jk=c7d8c03283619079&fccid=ec9bcf84b2ea47e4&vjs=3
sales associate - retail,Pet Central Limited,"Gander, NL",$13.50 - $16.00 an hour,Today,2021-02-23,https://ca.indeed.com/viewjob?jk=a41adf1c7b92bb25&fccid=ec9bcf84b2ea47e4&vjs=3
"Coordinator, Construction Services - Student",Defence Construction Canada,"Gander, NL","$31,897 - $41,469 a year",Today,2021-02-23,https://ca.indeed.com/viewjob?jk=1b26f85df2285cbb&fccid=f7efc5d4081142df&vjs=3
medical pathologist,Central Health,"Grand Falls-Windsor, NL","$232,700 - $262,720 a year",Today,2021-02-23,https://ca.indeed.com/viewjob?jk=5f510fad6d99c468&fccid=c94a7ec764b15f7e&vjs=3
customer service cashier,Pike's Home Hardware Building Center,"Happy Valley-Goose Bay, NL",$14 - $16 an hour,7 days ago,2021-02-16,https://ca.indeed.com/viewjob?jk=7335badf68e703a5&fccid=b52f2678fa27ebc1&vjs=3
TRAVAILLEUR SOCIAL OU TRAVAILLEUSE SOCIALE REC-2021-083,CISSS de la Côte-Nord,"Fermont, QC",N/A,4 days ago,2021-02-19,https://ca.indeed.com/viewjob?jk=01d11f5f25e19b9d&fccid=f81233046bb84de8&vjs=3
Answering Service/dispatch,Russells Funeral Home & Ambulance Service,"Stephenville, NL",$14 an hour,1 day ago,2021-02-22,https://ca.indeed.com/company/Russells-Funeral-Home-&-Ambulance-Service/jobs/Answering-Service-Dispatch-c287133b4ce6bd15?fccid=b9aef4b94cb2420d&vjs=3
"co-ordinator, daycare",Immaculate Heart of Mary School,"Corner Brook, NL",$16 an hour,3 days ago,2021-02-20,https://ca.indeed.com/viewjob?jk=d60b90a6e008053b&fccid=2d13a3fbf8847e58&vjs=3
Retail Merchandising Rep,Merchandising Consultants Associates (MCA),"St. John's, NL",N/A,Today,2021-02-23,https://ca.indeed.com/viewjob?jk=9b6f71b7e2f45696&fccid=a6ae8e20b887d385&vjs=3
pediatrician,Eastern Health,"Clarenville, NL","$220,147 - $262,714 a year",3 days ago,2021-02-20,https://ca.indeed.com/viewjob?jk=7ab8dbda91f00265&fccid=999410b3c3608d23&vjs=3
cook,Bonavista Bicycle Picnics & Cafe,"Bonavista, NL",$13 an hour,3 days ago,2021-02-20,https://ca.indeed.com/viewjob?jk=700f5307b6426a3e&fccid=dd616958bd9ddc12&vjs=3
office assistant,U Got It Maid Cleaning Service,"Corner Brook, NL",$12.15 - $13.15 an hour,4 days ago,2021-02-19,https://ca.indeed.com/viewjob?jk=c3226ff88028e715&fccid=cba1022fe2864e71&vjs=3
(CAN) Dairy Frozen Associate,Walmart Canada,"Corner Brook, NL",N/A,4 days ago,2021-02-19,https://ca.indeed.com/viewjob?jk=21a9d6c72aed7b21&fccid=822bc5d9a49270ea&vjs=3
Retail Merchandising Rep,Merchandising Consultants Associates (MCA),"St. John's, NL",N/A,Today,2021-02-23,https://ca.indeed.com/viewjob?jk=9b6f71b7e2f45696&fccid=a6ae8e20b887d385&vjs=3
Retail Sales and Merchandising Rep,Merchandising Consultants Associates (MCA),"St. John's, NL",N/A,Today,2021-02-23,https://ca.indeed.com/viewjob?jk=02988a29efb868b6&fccid=a6ae8e20b887d385&vjs=3
Grocery Clerk,Kevin's NOFRILLS,"Paradise, NL",$12.15 an hour,Today,2021-02-23,https://ca.indeed.com/company/Kevin's-NOFRILLS/jobs/Grocery-Clerk-721b65d10151c175?fccid=8b8fd81d8d18a391&vjs=3
store manager - retail,Pet Central Limited,"Gander, NL",$14 - $18 an hour,Today,2021-02-23,https://ca.indeed.com/viewjob?jk=73a3a05ad0e94602&fccid=ec9bcf84b2ea47e4&vjs=3
store manager - retail,Pet Central Limited,"Gander, NL",$14 - $18 an hour,Today,2021-02-23,https://ca.indeed.com/viewjob?jk=73a3a05ad0e94602&fccid=ec9bcf84b2ea47e4&vjs=3
waiter/waitress,Trappers' Cabin Bar & Grill,"Happy Valley-Goose Bay, NL",$13 an hour,11 days ago,2021-02-12,https://ca.indeed.com/viewjob?jk=b6b0acf3ea3c3b72&fccid=2dc7b5c5f7befcdc&vjs=3
Bartender and Server,Baba Q's Smoke & Grill,"Labrador City, NL",$20 - $30 an hour,4 days ago,2021-02-19,https://ca.indeed.com/company/Baba-Q's-smokehouse-and-grill/jobs/Bartender-Server-e2efae637ef081e0?fccid=257209b779e7ba0e&vjs=3
kitchen helper,Jungle Jim's Restaurant,"Corner Brook, NL",$12.15 an hour,3 days ago,2021-02-20,https://ca.indeed.com/viewjob?jk=7d3e5dc74a72195d&fccid=c2987c66aaa38c0b&vjs=3
home support worker,CareGivers,"Corner Brook, NL",$16.70 an hour,3 days ago,2021-02-20,https://ca.indeed.com/viewjob?jk=358a1c2bfb25dac8&fccid=93914a3703d122b8&vjs=3
cook,Jungle Jim's Restaurant,"Corner Brook, NL",$13 an hour,3 days ago,2021-02-20,https://ca.indeed.com/viewjob?jk=aa0aad898ed65002&fccid=c2987c66aaa38c0b&vjs=3
personal care aide - home care,Humber Valley Cooperative Living Corporation,"Corner Brook, NL",$21.53 - $23.74 an hour,3 days ago,2021-02-20,https://ca.indeed.com/viewjob?jk=f39ae1d45e442048&fccid=63995e91d5f7cd6e&vjs=3
Business Development Center (BDC) Team Manager,Quorum,"St. John's, NL",N/A,Today,2021-02-23,https://ca.indeed.com/viewjob?jk=ca229391586f2913&fccid=5a87277549bd6338&vjs=3
home support worker,COMPASSION HOMECARE,"Gambo, NL",$16.70 an hour,3 days ago,2021-02-20,https://ca.indeed.com/viewjob?jk=7faab6f47309b8d3&fccid=68f8d2bb4358f9ba&vjs=3
Construction Labourer,Dexter Newfoundland,"St. John's, NL",N/A,Today,2021-02-23,https://ca.indeed.com/company/Dexter-Newfoundland/jobs/Construction-Labourer-95b71b00c4793e72?fccid=1afc42dc06ff1945&vjs=3
Legal Assistant,MacNab Fagan & Murphy,"St. John's, NL",$18 - $27 an hour,Today,2021-02-23,https://ca.indeed.com/company/MacNab-Fagan-&-Murphy/jobs/Legal-Assistant-0680acbb9d3f1b7a?fccid=dbf13e636f33d10a&vjs=3
general surgeon,Central Health,"Gander, NL","$1,225 a day",Today,2021-02-23,https://ca.indeed.com/viewjob?jk=8066c25e3c42a049&fccid=c94a7ec764b15f7e&vjs=3
general surgeon,Central Health,"Gander, NL","$1,225 a day",Today,2021-02-23,https://ca.indeed.com/viewjob?jk=8066c25e3c42a049&fccid=c94a7ec764b15f7e&vjs=3
internist,Central Health,"Gander, NL","$1,225 a day",Today,2021-02-23,https://ca.indeed.com/viewjob?jk=b244af1bf91eb8c0&fccid=c94a7ec764b15f7e&vjs=3
"Coordonnateur, Services de construction (Étudiant)",Defence Construction Canada,"Gander, NL","$31,897 - $41,469 a year",Today,2021-02-23,https://ca.indeed.com/viewjob?jk=cf226fb20ed2d23f&fccid=f7efc5d4081142df&vjs=3
obstetrician-gynecologist,Central Health,"Gander, NL","$220,147 - $262,714 a year",Today,2021-02-23,https://ca.indeed.com/viewjob?jk=2d8d22a53032d4ae&fccid=c94a7ec764b15f7e&vjs=3
Administrative Assistant,Mulrooney's Construction Limited,"Gander, NL",$14 - $15 an hour,Today,2021-02-23,https://ca.indeed.com/company/MULROONEY'S-CONSTRUCTION/jobs/Administrative-Assistant-33b90e50795ca09f?fccid=9c71c706d2835cec&vjs=3
Cargo Agent,Air Borealis,"Happy Valley-Goose Bay, NL",N/A,12 days ago,2021-02-11,https://ca.indeed.com/viewjob?jk=2a84dca8deac8f77&fccid=5fb0253d6b68a9a2&vjs=3
Technicien(ne) Physique,ArcelorMittal Exploitation minière Canada s.e.n.c.,"Fermont, QC",N/A,4 days ago,2021-02-19,https://ca.indeed.com/viewjob?jk=d94e269c1203015a&fccid=6e6cee973bef1765&vjs=3
Retail Merchandiser,Storesupport,"Labrador City, NL",N/A,5 days ago,2021-02-18,https://ca.indeed.com/viewjob?jk=38cbcd12d6341d2d&fccid=6afde7cfb60ef249&vjs=3
System Analyst,ThinkBeyond Inc.,"Labrador City, NL",N/A,5 days ago,2021-02-18,https://ca.indeed.com/company/Think-Beyond-Inc/jobs/System-Analyst-782fda381e38a1cb?fccid=6ab2ff6deb75dd91&vjs=3
Retail Merchandiser - Labrador City,Storesupport Canada,"Labrador City, NL",N/A,5 days ago,2021-02-18,https://ca.indeed.com/viewjob?jk=e7dae68e9d8ada2b&fccid=d19e2a607529c085&vjs=3
Recreation Therapy Worker II,A.M.Guy Memorial Health Centre,"Buchans, NL",$25.01 - $27.77 an hour,3 days ago,2021-02-20,https://ca.indeed.com/viewjob?jk=abbf0f63320bff06&fccid=dba2ee05e817a807&vjs=3
Retail Sales and Merchandising Rep,Merchandising Consultants Associates (MCA),"St. John's, NL",N/A,Today,2021-02-23,https://ca.indeed.com/viewjob?jk=02988a29efb868b6&fccid=a6ae8e20b887d385&vjs=3
Intermediate Cad Technican Civil,Harris & Associates Ltd,"Carbonear, NL","$39,352 - $48,097 a year",3 days ago,2021-02-20,https://ca.indeed.com/company/Harris-&-Associates-Ltd/jobs/Intermediate-CAD-Technican-Civil-971c424b9539c5df?fccid=5db9766c2b3dd934&vjs=3
Post Office Assistant - Term NORMAN'S COVE NL (2),Canada Post - Postes Canada,"Norman's Cove, NL",$17.73 an hour,4 days ago,2021-02-19,https://ca.indeed.com/viewjob?jk=8bf01271709d43c5&fccid=374645c6f57513c7&vjs=3
Meat Cutter,Loblaw Companies Limited,"Carbonear, NL",N/A,4 days ago,2021-02-19,https://ca.indeed.com/viewjob?jk=a89fd020ece3cec5&fccid=bc30630cfcc120d4&vjs=3
Sales Associate/Beauty Advisor,Sally Beauty Canada,"Charlottetown, PE",N/A,Just posted,2021-02-23,https://ca.indeed.com/viewjob?jk=488fd206b9de3256&fccid=1bd4e638720fd660&vjs=3
Payroll Administrator,Eclipse Stores Inc,"St. John's, NL",N/A,Today,2021-02-23,https://ca.indeed.com/company/Eclipse-Stores-Inc/jobs/Payroll-Administrator-c1cf9e4618257d9e?fccid=c6614d712a9148b3&vjs=3
Concrete Finisher,Dexter Newfoundland,"St. John's, NL",N/A,Today,2021-02-23,https://ca.indeed.com/company/Dexter-Newfoundland/jobs/Concrete-Finisher-aa453f37a642db76?fccid=1afc42dc06ff1945&vjs=3
internist,Central Health,"Gander, NL","$1,225 a day",Today,2021-02-23,https://ca.indeed.com/viewjob?jk=b244af1bf91eb8c0&fccid=c94a7ec764b15f7e&vjs=3
"Coordonnateur, Services de construction (Étudiant)",Defence Construction Canada,"Gander, NL","$31,897 - $41,469 a year",Today,2021-02-23,https://ca.indeed.com/viewjob?jk=cf226fb20ed2d23f&fccid=f7efc5d4081142df&vjs=3
obstetrician-gynecologist,Central Health,"Gander, NL","$220,147 - $262,714 a year",Today,2021-02-23,https://ca.indeed.com/viewjob?jk=2d8d22a53032d4ae&fccid=c94a7ec764b15f7e&vjs=3
medical pathologist,Central Health,"Grand Falls-Windsor, NL","$232,700 - $262,720 a year",Today,2021-02-23,https://ca.indeed.com/viewjob?jk=5f510fad6d99c468&fccid=c94a7ec764b15f7e&vjs=3
Health and Safety Advisor,WSI,"Grand Falls-Windsor, NL",$15 - $25 an hour,2 days ago,2021-02-21,https://ca.indeed.com/company/WSI/jobs/Health-Safety-Advisor-825abe2c4ca5b5d0?fccid=b78156dee1b289ad&vjs=3
bookkeeping clerk,Melville Native Housing Association,"Happy Valley-Goose Bay, NL",$19.83 an hour,11 days ago,2021-02-12,https://ca.indeed.com/viewjob?jk=212f1ae72c5dafe1&fccid=9c28970b6d9059b5&vjs=3
food service supervisor,Jungle Jim's Labrador City,"Labrador City, NL",$13.50 an hour,6 days ago,2021-02-17,https://ca.indeed.com/viewjob?jk=9188605fb82c4e2b&fccid=5d80158c8bd0973e&vjs=3
"Heavy Equipment Technician, Red Seal (14/14) - Wabush",SMS Equipment Inc.,"Wabush, NL",N/A,6 days ago,2021-02-17,https://ca.indeed.com/viewjob?jk=25ccdd01704f9391&fccid=b5ff27a993d5ba09&vjs=3
Accounting Clerk,Western Group of Companies,"Corner Brook, NL",N/A,3 days ago,2021-02-20,https://ca.indeed.com/viewjob?jk=20068aaf3bef6fde&fccid=2d57ce2c7ad2d962&vjs=3
Grocery Clerk,Kevin's NOFRILLS,"Paradise, NL",$12.15 an hour,Today,2021-02-23,https://ca.indeed.com/company/Kevin's-NOFRILLS/jobs/Grocery-Clerk-721b65d10151c175?fccid=8b8fd81d8d18a391&vjs=3
"Warehouse Associate, Inventory Control Clerk-Full Time-6am-A...",Staples Canada,"Amherst, NS",N/A,Just posted,2021-02-23,https://ca.indeed.com/viewjob?jk=26c019307f202340&fccid=5fb424bf650ac38a&vjs=3
Assistant Manager,Pipers,"St. John's, NL",N/A,Today,2021-02-23,https://ca.indeed.com/company/Pipers/jobs/Assistant-Manager-a3f2247a51d6d161?fccid=2bbd83f3e5b3e260&vjs=3
Administrative Assistant,Mulrooney's Construction Limited,"Gander, NL",$14 - $15 an hour,Today,2021-02-23,https://ca.indeed.com/company/Mulrooney's-Construction-Limited/jobs/Administrative-Assistant-33b90e50795ca09f?fccid=9c71c706d2835cec&vjs=3
Assisted Living Program Manager,Labrador Friendship Centre,"Happy Valley-Goose Bay, NL","$60,000 a year",10 days ago,2021-02-13,https://ca.indeed.com/company/Labrador-Friendship-Centre/jobs/Assisted-Living-Program-Manager-1cd63fef761d5908?fccid=67975d7235d63b8a&vjs=3
Tire Technician,Western Group of Companies,"Corner Brook, NL",N/A,3 days ago,2021-02-20,https://ca.indeed.com/viewjob?jk=e6b54bbd5973aa87&fccid=2d57ce2c7ad2d962&vjs=3
Payroll Administrator,Eclipse Stores Inc,"St. John's, NL",N/A,Today,2021-02-23,https://ca.indeed.com/company/Eclipse-Stores-Inc/jobs/Payroll-Administrator-c1cf9e4618257d9e?fccid=c6614d712a9148b3&vjs=3
Legal Assistant,MacNab Fagan & Murphy,"St. John's, NL",$18 - $27 an hour,Today,2021-02-23,https://ca.indeed.com/company/MacNab-Fagan-&-Murphy/jobs/Legal-Assistant-0680acbb9d3f1b7a?fccid=dbf13e636f33d10a&vjs=3
Wireless Sales Associate | 5789,OSL Retail Services Inc,"Amherst, NS",N/A,Just posted,2021-02-23,https://ca.indeed.com/viewjob?jk=5d44f7111ead1675&fccid=f0404b5315ab218d&vjs=3
"Agency Examiner, Finance Operations",RSA Canada,"St. John's, NL",N/A,Today,2021-02-23,https://ca.indeed.com/viewjob?jk=2d79e19d3b34fc3e&fccid=106ed5ce28ef4704&vjs=3
Carpenter,Nunatsiavut Construction Inc.,"Happy Valley-Goose Bay, NL",N/A,10 days ago,2021-02-13,https://ca.indeed.com/company/Nunatsiavut-Group-of-Companies/jobs/Carpenter-78c1c72597c0e548?fccid=70f68a932e7dc23c&vjs=3
office clerk,Atsanik Lodge,"Corner Brook, NL",$16 an hour,4 days ago,2021-02-19,https://ca.indeed.com/viewjob?jk=040ffa0f5a70b35c&fccid=c360c506661ffb60&vjs=3
Construction Labourer,Dexter Newfoundland,"St. John's, NL",N/A,Today,2021-02-23,https://ca.indeed.com/company/Dexter-Newfoundland/jobs/Construction-Labourer-95b71b00c4793e72?fccid=1afc42dc06ff1945&vjs=3
Assistant Manager,Pipers,"St. John's, NL",N/A,Today,2021-02-23,https://ca.indeed.com/company/Pipers/jobs/Assistant-Manager-a3f2247a51d6d161?fccid=2bbd83f3e5b3e260&vjs=3
Leon's Front Office Supervisor,D.P. Murphy Group of Companies,"Charlottetown, PE",N/A,Today,2021-02-23,https://ca.indeed.com/viewjob?jk=7871c35378fc8884&fccid=5629986e6abc6c44&vjs=3
"Administrator, PEI Office",Atlantic Central,"Charlottetown, PE",$15.37 an hour,Today,2021-02-23,https://ca.indeed.com/viewjob?jk=95ff3014fb40910c&fccid=1ddc17398cabe5df&vjs=3
"Sales Support Associate(Store A, B Volume)",Staples Canada,"Charlottetown, PE",N/A,Today,2021-02-23,https://ca.indeed.com/viewjob?jk=14ea1a815202f3e4&fccid=5fb424bf650ac38a&vjs=3
Tandem Truck Driver,Dexter Newfoundland,"St. John's, NL",N/A,Today,2021-02-23,https://ca.indeed.com/company/Dexter-Newfoundland/jobs/Tandem-Truck-Driver-b4001e8bc1e1a62c?fccid=1afc42dc06ff1945&vjs=3
"Health, Safety and Environment (HSE) Officer - working at si...",Andritz Hydro Canada Inc,"Happy Valley-Goose Bay, NL",N/A,12 days ago,2021-02-11,https://ca.indeed.com/company/Andritz/jobs/Health-1ad8b80f5d7d959c?fccid=31dc3ff412a8dc30&vjs=3
Concrete Finisher,Dexter Newfoundland,"St. John's, NL",N/A,Today,2021-02-23,https://ca.indeed.com/company/Dexter-Newfoundland/jobs/Concrete-Finisher-aa453f37a642db76?fccid=1afc42dc06ff1945&vjs=3
Bakery InS Assistant Manager/Supervisor,Loblaw Companies Limited,"Charlottetown, PE",N/A,Today,2021-02-23,https://ca.indeed.com/viewjob?jk=88a38c92710cb2ba&fccid=bc30630cfcc120d4&vjs=3
Business Development Center (BDC) Team Manager,Quorum,"St. John's, NL",N/A,Today,2021-02-23,https://ca.indeed.com/viewjob?jk=ca229391586f2913&fccid=5a87277549bd6338&vjs=3
Business Development Center (BDC) Team Manager,Quorum,"St. John's, NL",N/A,Today,2021-02-23,https://ca.indeed.com/viewjob?jk=ca229391586f2913&fccid=5a87277549bd6338&vjs=3
Construction Foreman/woman,Dexter Newfoundland,"St. John's, NL",N/A,Today,2021-02-23,https://ca.indeed.com/company/Dexter-Newfoundland/jobs/Construction-Foreman-Woman-f7074977acf0970f?fccid=1afc42dc06ff1945&vjs=3
Store Manager,Pipers,"St. John's, NL",$13 - $14 an hour,Today,2021-02-23,https://ca.indeed.com/company/Pipers/jobs/Store-Manager-f591371b468bf712?fccid=2bbd83f3e5b3e260&vjs=3
Customer Care Representative- Full Time,S&P Data LLC,"St. John's, NL",$15.50 an hour,Today,2021-02-23,https://ca.indeed.com/viewjob?jk=7a9ecdb1c3e1d635&fccid=90ce798921c20f95&vjs=3
retail sales clerk,Guardian Hamilton Drugs Ltd.,"Happy Valley-Goose Bay, NL",$13 an hour,17 days ago,2021-02-06,https://ca.indeed.com/viewjob?jk=54dcd0c3888cf154&fccid=cdea32dfc0461070&vjs=3
"Agency Examiner, Finance Operations",RSA Canada,"St. John's, NL",N/A,Today,2021-02-23,https://ca.indeed.com/viewjob?jk=2d79e19d3b34fc3e&fccid=106ed5ce28ef4704&vjs=3
Leon's Assistant Warehouse Manager,D.P. Murphy Group of Companies,"Charlottetown, PE",N/A,Today,2021-02-23,https://ca.indeed.com/viewjob?jk=0aec7323c567b1d4&fccid=5629986e6abc6c44&vjs=3
Retail Merchandising Rep,Merchandising Consultants Associates (MCA),"St. John's, NL",N/A,Today,2021-02-23,https://ca.indeed.com/viewjob?jk=9b6f71b7e2f45696&fccid=a6ae8e20b887d385&vjs=3
Retail Merchandising Rep,Merchandising Consultants Associates (MCA),"St. John's, NL",N/A,Today,2021-02-23,https://ca.indeed.com/viewjob?jk=9b6f71b7e2f45696&fccid=a6ae8e20b887d385&vjs=3
Retail Sales and Merchandising Rep,Merchandising Consultants Associates (MCA),"St. John's, NL",N/A,Today,2021-02-23,https://ca.indeed.com/viewjob?jk=02988a29efb868b6&fccid=a6ae8e20b887d385&vjs=3
Concrete Carpenter,Dexter Newfoundland,"St. John's, NL",N/A,Today,2021-02-23,https://ca.indeed.com/company/Dexter-Newfoundland/jobs/Concrete-Carpenter-c9eed24c286a2df9?fccid=1afc42dc06ff1945&vjs=3
cook,Hotel North,"Happy Valley-Goose Bay, NL",$13 an hour,19 days ago,2021-02-04,https://ca.indeed.com/viewjob?jk=d93060d8c4dda462&fccid=ad9d1ad57bcfddb3&vjs=3
bartender,Da Shed Pub,"Happy Valley-Goose Bay, NL",$13 an hour,20 days ago,2021-02-03,https://ca.indeed.com/viewjob?jk=2a4ee18e65c9205d&fccid=9e1fc0db5be2ad1d&vjs=3
